-- liquibase formatted sql

-- changeset ivanerofeev:0012-seed-data

INSERT INTO brands (id, created_at, updated_at, removed, code, name)
VALUES ('10000000-0000-0000-0000-000000000001', now(), now(), FALSE, 'BMW', 'BMW'),
       ('10000000-0000-0000-0000-000000000002', now(), now(), FALSE, 'AUDI', 'Audi'),
       ('10000000-0000-0000-0000-000000000003', now(), now(), FALSE, 'MERCEDES', 'Mercedes-Benz');

INSERT INTO models (id, created_at, updated_at, removed, brand_id, code, name, base_price)
VALUES ('20000000-0000-0000-0000-000000000001', now(), now(), FALSE,
        '10000000-0000-0000-0000-000000000001',
        'BMW-320I', '320i', 4000000),
       ('20000000-0000-0000-0000-000000000002', now(), now(), FALSE,
        '10000000-0000-0000-0000-000000000001',
        'BMW-330I', '330i', 4500000),
       ('20000000-0000-0000-0000-000000000003', now(), now(), FALSE,
        '10000000-0000-0000-0000-000000000001',
        'BMW-M340I', 'M340i', 5300000),
       ('20000000-0000-0000-0000-000000000004', now(), now(), FALSE,
        '10000000-0000-0000-0000-000000000002',
        'AUDI-A4', 'A4', 3800000),
       ('20000000-0000-0000-0000-000000000005', now(), now(), FALSE,
        '10000000-0000-0000-0000-000000000003',
        'MERCEDES-E300', 'E300', 4900000);

INSERT INTO cars (id, created_at, updated_at, removed, model_id, body_type, fuel_type, power_hp,
                  engine_litres,
                  transmission, drivetrain, color, price, available, test_drive_enabled)
VALUES ('40000000-0000-0000-0000-000000000001', now(), now(), FALSE,
        '20000000-0000-0000-0000-000000000001',
        'Sedan', 'Petrol', 184, 2.0, 'Automatic 8AT', 'Rear', 'Black', 4200000, TRUE, TRUE),
       ('40000000-0000-0000-0000-000000000002', now(), now(), FALSE,
        '20000000-0000-0000-0000-000000000002',
        'Sedan', 'Petrol', 245, 2.0, 'Automatic 8AT', 'Rear', 'White', 4700000, TRUE, TRUE),
       ('40000000-0000-0000-0000-000000000003', now(), now(), FALSE,
        '20000000-0000-0000-0000-000000000004',
        'Sedan', 'Petrol', 204, 2.0, 'Automatic 8AT', 'Front', 'Gray', 3950000, TRUE, FALSE);

INSERT INTO component_options (id, created_at, updated_at, removed, slot_name, name, surcharge)
VALUES ('30000000-0000-0000-0000-000000000001', now(), now(), FALSE, 'Wheels', '18'' Aero', 120000),
       ('30000000-0000-0000-0000-000000000002', now(), now(), FALSE, 'Transmission',
        'Automatic 8AT', 160000),
       ('30000000-0000-0000-0000-000000000003', now(), now(), FALSE, 'Interior', 'Leather Dakota',
        210000);

INSERT INTO model_component_options (model_id, component_option_id, required)
VALUES ('20000000-0000-0000-0000-000000000001', '30000000-0000-0000-0000-000000000001', FALSE),
       ('20000000-0000-0000-0000-000000000001', '30000000-0000-0000-0000-000000000002', TRUE),
       ('20000000-0000-0000-0000-000000000001', '30000000-0000-0000-0000-000000000003', FALSE),
       ('20000000-0000-0000-0000-000000000002', '30000000-0000-0000-0000-000000000001', FALSE),
       ('20000000-0000-0000-0000-000000000002', '30000000-0000-0000-0000-000000000002', TRUE);

INSERT INTO users (id, created_at, updated_at, removed, full_name, role)
VALUES ('50000000-0000-0000-0000-000000000001', now(), now(), FALSE, 'Иван Клиентов', 'CLIENT'),
       ('50000000-0000-0000-0000-000000000002', now(), now(), FALSE, 'Пётр Менеджеров', 'MANAGER'),
       ('50000000-0000-0000-0000-000000000003', now(), now(), FALSE, 'Склад Складов',
        'WAREHOUSE_ADMIN'),
       ('50000000-0000-0000-0000-000000000004', now(), now(), FALSE, 'Админ Системный',
        'SYSTEM_ADMIN');

INSERT INTO parts (id, created_at, updated_at, removed, name, description, price)
VALUES ('60000000-0000-0000-0000-000000000001', now(), now(), FALSE, 'Тормозные колодки',
        'Передние керамические', 15000),
       ('60000000-0000-0000-0000-000000000002', now(), now(), FALSE, 'Масляный фильтр', 'Оригинал',
        3500);

INSERT INTO part_model_compatibility (part_id, model_id)
VALUES ('60000000-0000-0000-0000-000000000001', '20000000-0000-0000-0000-000000000001'),
       ('60000000-0000-0000-0000-000000000001', '20000000-0000-0000-0000-000000000002'),
       ('60000000-0000-0000-0000-000000000002', '20000000-0000-0000-0000-000000000001');

-- rollback DELETE FROM part_model_compatibility WHERE part_id IN ('60000000-0000-0000-0000-000000000001', '60000000-0000-0000-0000-000000000002');
-- rollback DELETE FROM parts WHERE id IN ('60000000-0000-0000-0000-000000000001', '60000000-0000-0000-0000-000000000002');
-- rollback DELETE FROM model_component_options WHERE model_id IN ('20000000-0000-0000-0000-000000000001', '20000000-0000-0000-0000-000000000002');
-- rollback DELETE FROM component_options WHERE id IN ('30000000-0000-0000-0000-000000000001', '30000000-0000-0000-0000-000000000002', '30000000-0000-0000-0000-000000000003');
-- rollback DELETE FROM users WHERE id IN ('50000000-0000-0000-0000-000000000001', '50000000-0000-0000-0000-000000000002', '50000000-0000-0000-0000-000000000003', '50000000-0000-0000-0000-000000000004');
-- rollback DELETE FROM cars WHERE id IN ('40000000-0000-0000-0000-000000000001', '40000000-0000-0000-0000-000000000002', '40000000-0000-0000-0000-000000000003');
-- rollback DELETE FROM models WHERE id IN ('20000000-0000-0000-0000-000000000001', '20000000-0000-0000-0000-000000000002', '20000000-0000-0000-0000-000000000003', '20000000-0000-0000-0000-000000000004', '20000000-0000-0000-0000-000000000005');
-- rollback DELETE FROM brands WHERE id IN ('10000000-0000-0000-0000-000000000001', '10000000-0000-0000-0000-000000000002', '10000000-0000-0000-0000-000000000003');
